packet_count,avg_packet_size,min_packet_size,max_packet_size,size_range,avg_inter_arrival_sec,duration_sec,bytes_per_sec,traffic_type,synthetic
1560,1422.54,1399.45,1459.37,59.92,0.001606,15.448,143654.57,bulk_transfer,True
2160,1111.0,1071.27,1196.8,125.52,0.029312,17.465,137403.87,video_streaming,True
85,122.58,116.84,144.02,27.18,0.026663,12.485,834.51,dns_like_burst,True
47,95.4,76.74,103.39,26.65,0.108271,3.937,1138.83,dns_like_burst,True
39,76.16,60.64,84.66,24.02,0.170244,12.896,230.31,dns_like_burst,True
48,72.8,39.62,88.68,49.06,0.712762,11.437,305.55,interactive_ssh,True
504,1374.93,1373.16,1392.79,19.62,0.000975,28.667,24172.56,bulk_transfer,True
92,166.1,134.76,182.89,48.13,1.094104,59.622,256.3,interactive_ssh,True
369,498.68,485.8,623.65,137.85,0.527467,29.825,6169.75,web_browsing,True
1393,1444.77,1431.43,1451.79,20.37,0.002941,12.329,163236.59,bulk_transfer,True
82,139.56,135.72,144.01,8.3,0.088169,12.239,935.03,dns_like_burst,True
117,344.66,219.15,382.83,163.68,0.387466,28.203,1429.84,web_browsing,True
135,148.03,143.11,159.88,16.77,1.661035,45.678,437.49,interactive_ssh,True
462,1412.65,1396.81,1415.49,18.68,0.00241,14.972,43590.21,bulk_transfer,True
29,71.78,56.65,79.02,22.37,0.162787,5.389,386.29,dns_like_burst,True
283,462.59,213.84,502.09,288.25,0.144474,11.213,11675.27,web_browsing,True
1897,1419.21,1409.09,1420.25,11.15,0.00288,28.088,95851.23,bulk_transfer,True
161,166.27,154.02,169.87,15.85,0.95061,10.311,2596.36,interactive_ssh,True
1922,1213.75,1201.94,1248.28,46.34,0.012653,28.567,81661.23,video_streaming,True
105,95.09,20,135.26,115.26,1.554899,51.37,194.35,interactive_ssh,True
1121,1242.11,1216.1,1318.14,102.03,0.028185,57.069,24398.8,video_streaming,True
2610,1175.2,1126.63,1207.31,80.69,0.036282,53.715,57102.61,video_streaming,True
96,105.91,90.6,110.11,19.52,0.156631,7.003,1451.96,dns_like_burst,True
126,117.24,109.52,160.48,50.95,0.907971,47.738,309.43,interactive_ssh,True
1201,1392.17,1386.31,1393.6,7.28,0.001895,49.455,33808.63,bulk_transfer,True
67,117.27,51.59,142.29,90.7,0.123231,7.725,1017.17,dns_like_burst,True
344,1412.54,1400.95,1423.46,22.51,0.000639,43.261,11232.08,bulk_transfer,True
1962,1238.84,1199.87,1316.06,116.19,0.031958,29.203,83231.94,video_streaming,True
2525,1200.37,1164.63,1213.3,48.68,0.04759,31.452,96365.7,video_streaming,True
112,803.16,797.5,814.23,16.73,0.980938,9.857,9126.18,web_browsing,True
1875,1381.37,1374.58,1400.35,25.76,0.00195,32.81,78941.07,bulk_transfer,True
65,106.22,75.99,109.51,33.52,0.084008,6.65,1038.21,dns_like_burst,True
103,83.03,41.52,117.94,76.42,1.069173,52.596,162.6,interactive_ssh,True
41,75.47,75.4,80.0,4.6,0.085102,3.887,796.1,dns_like_burst,True
2586,1195.15,1137.17,1280.89,143.72,0.0245,59.529,51918.96,video_streaming,True
1217,1246.28,1240.89,1283.37,42.48,0.020586,18.101,83790.16,video_streaming,True
42,135.88,112.25,145.12,32.87,0.015279,13.948,409.15,dns_like_burst,True
2396,1250.56,1207.0,1253.17,46.17,0.01801,39.375,76097.68,video_streaming,True
500,301.36,187.65,454.97,267.32,1.249894,22.587,6671.15,web_browsing,True
1212,1364.95,1361.46,1386.2,24.73,0.000609,51.764,31958.5,bulk_transfer,True
1528,1110.01,1077.3,1166.84,89.54,0.019896,48.406,35039.09,video_streaming,True
21,72.69,26.9,104.3,77.4,0.826468,28.435,53.69,interactive_ssh,True
68,158.64,91.3,169.28,77.98,0.590223,35.042,307.84,interactive_ssh,True
174,122.66,103.72,152.89,49.17,0.78391,58.757,363.24,interactive_ssh,True
1164,1206.89,1150.57,1294.36,143.78,0.038613,38.23,36746.1,video_streaming,True
1809,1196.15,1165.73,1236.59,70.86,0.023736,54.83,39464.55,video_streaming,True
437,873.89,855.35,1183.64,328.3,0.235205,10.014,38135.93,web_browsing,True
1618,1410.51,1395.28,1433.14,37.86,0.002308,27.476,83062.05,bulk_transfer,True
44,121.28,36.28,129.48,93.2,0.550845,45.909,116.23,interactive_ssh,True
35,105.33,94.47,106.76,12.3,0.194242,12.096,304.8,dns_like_burst,True
2065,1229.64,1208.78,1281.53,72.75,0.025414,41.042,61869.04,video_streaming,True
130,769.46,701.1,879.7,178.6,0.468267,6.598,15160.79,web_browsing,True
2799,1219.52,1143.98,1242.47,98.49,0.045314,24.442,139655.4,video_streaming,True
2672,1119.45,1100.17,1144.89,44.72,0.03312,30.879,96866.45,video_streaming,True
813,1380.42,1378.28,1400.22,21.94,0.001823,47.527,23613.62,bulk_transfer,True
1776,1109.24,1099.57,1173.03,73.46,0.027392,21.291,92527.91,video_streaming,True
391,526.01,239.77,663.77,424.0,1.032832,7.657,26861.92,web_browsing,True
197,752.08,714.99,825.06,110.07,0.202679,18.19,8145.27,web_browsing,True
984,1130.25,1111.81,1157.62,45.81,0.017928,24.884,44694.01,video_streaming,True
388,1422.22,1403.29,1424.54,21.25,0.001601,10.904,50606.61,bulk_transfer,True
334,683.18,580.76,740.1,159.34,0.314777,5.638,40474.01,web_browsing,True
1014,1251.76,1198.45,1325.02,126.56,0.024677,38.431,33027.45,video_streaming,True
1112,1232.69,1161.25,1276.04,114.79,0.011346,47.238,29017.57,video_streaming,True
815,1402.44,1389.55,1409.84,20.29,0.001059,40.053,28536.95,bulk_transfer,True
76,104.33,83.54,108.63,25.09,0.162057,10.451,758.67,dns_like_burst,True
65,702.07,483.85,949.72,465.87,1.221579,6.919,6596.02,web_browsing,True
1331,1404.46,1396.04,1417.85,21.81,0.000763,13.608,137368.01,bulk_transfer,True
86,96.92,81.54,128.55,47.01,0.171418,8.494,981.23,dns_like_burst,True
161,149.04,128.22,186.66,58.44,1.660153,38.958,615.92,interactive_ssh,True
2524,1232.85,1142.12,1279.83,137.71,0.020491,52.846,58882.6,video_streaming,True
1374,1117.32,1051.33,1176.45,125.12,0.021951,32.765,46854.62,video_streaming,True
483,1414.45,1413.38,1419.08,5.7,0.002817,16.366,41744.9,bulk_transfer,True
401,525.52,302.33,556.83,254.49,1.370061,22.434,9393.42,web_browsing,True
2360,1210.11,1187.86,1308.54,120.68,0.014585,59.58,47933.62,video_streaming,True
24,118.31,95.28,120.1,24.82,0.018245,13.646,208.08,dns_like_burst,True
1765,1262.8,1196.69,1297.42,100.74,0.03354,39.975,55756.38,video_streaming,True
148,175.72,122.58,182.4,59.81,1.423799,21.87,1189.14,interactive_ssh,True
122,171.42,119.97,212.99,93.02,1.133195,42.293,494.48,interactive_ssh,True
115,90.49,87.69,133.43,45.74,0.778605,21.775,477.88,interactive_ssh,True
199,501.49,405.0,506.07,101.07,1.345378,19.261,5181.43,web_browsing,True
151,61.93,51.77,99.01,47.24,1.014278,47.105,198.53,interactive_ssh,True
246,766.25,619.08,943.9,324.82,0.481289,36.193,5208.03,web_browsing,True
2207,1119.05,1087.59,1262.94,175.35,0.026588,44.65,55313.73,video_streaming,True
37,104.61,92.9,104.64,11.74,0.066919,9.555,405.09,dns_like_burst,True
133,484.8,259.81,513.96,254.16,1.370624,25.555,2523.17,web_browsing,True
178,142.59,98.25,178.73,80.48,1.784881,41.053,618.24,interactive_ssh,True
85,169.62,159.98,172.94,12.96,0.590826,54.167,266.18,interactive_ssh,True
1232,1406.85,1405.81,1409.34,3.53,0.002216,49.898,34735.34,bulk_transfer,True
1667,1418.96,1407.76,1424.73,16.98,0.002304,39.778,59464.49,bulk_transfer,True
2465,1172.82,1162.59,1207.88,45.29,0.024632,45.316,63796.84,video_streaming,True
123,155.0,113.45,228.28,114.83,1.412551,49.064,388.58,interactive_ssh,True
1587,1101.2,1053.67,1127.0,73.32,0.01082,35.673,48988.97,video_streaming,True
176,126.11,105.46,134.15,28.69,0.799277,40.404,549.34,interactive_ssh,True
186,75.02,56.21,107.4,51.18,1.776004,23.371,597.05,interactive_ssh,True
333,1389.29,1369.28,1389.44,20.16,0.001402,31.403,14732.32,bulk_transfer,True
61,851.97,810.89,1087.59,276.7,0.187821,12.197,4260.73,web_browsing,True
26,135.57,127.04,152.68,25.63,0.161884,10.982,320.96,dns_like_burst,True
699,1358.19,1352.74,1374.86,22.12,0.001359,32.442,29263.92,bulk_transfer,True
15,134.58,94.49,136.28,41.79,0.080617,8.025,251.57,dns_like_burst,True
1463,1413.28,1406.8,1432.52,25.72,0.001329,42.577,48562.4,bulk_transfer,True
467,1403.18,1400.3,1403.61,3.31,0.0016,19.155,34208.97,bulk_transfer,True
56,728.58,660.18,760.03,99.85,1.426731,26.371,1547.16,web_browsing,True
91,102.96,83.09,131.96,48.87,1.227379,41.168,227.58,interactive_ssh,True
924,1264.38,1181.21,1285.57,104.36,0.043098,55.231,21152.65,video_streaming,True
696,1397.53,1396.45,1408.78,12.33,0.002902,45.233,21503.95,bulk_transfer,True
187,554.35,359.21,635.98,276.77,1.114344,25.472,4069.65,web_browsing,True
18,130.41,101.57,165.2,63.64,0.144212,3.169,740.62,dns_like_burst,True
2992,1296.28,1257.62,1315.97,58.34,0.034747,51.605,75156.14,video_streaming,True
624,1388.01,1386.5,1400.81,14.31,0.00251,14.388,60197.34,bulk_transfer,True
911,1410.23,1402.9,1411.43,8.53,0.00172,58.891,21815.12,bulk_transfer,True
210,649.98,508.75,706.47,197.72,1.050768,5.441,25084.89,web_browsing,True
31,177.07,163.89,178.5,14.61,1.889252,29.395,186.74,interactive_ssh,True
297,439.86,262.13,465.67,203.53,1.427638,22.224,5878.37,web_browsing,True
25,60.42,20,64.31,44.31,1.170228,40.929,36.91,interactive_ssh,True
385,685.98,501.76,804.72,302.96,0.937002,29.322,9006.89,web_browsing,True
63,104.07,78.03,114.35,36.32,0.199264,6.463,1014.51,dns_like_burst,True
970,1381.61,1381.13,1382.35,1.22,0.002377,51.956,25794.35,bulk_transfer,True
385,859.32,837.21,1144.09,306.88,1.491971,31.344,10554.98,web_browsing,True
689,1103.02,1037.92,1127.24,89.33,0.041642,40.669,18687.24,video_streaming,True
1031,1364.94,1347.89,1374.42,26.53,0.002251,14.473,97232.03,bulk_transfer,True
1649,1272.04,1214.92,1303.41,88.48,0.02573,33.662,62313.11,video_streaming,True
1539,1130.16,1127.78,1157.24,29.47,0.01675,45.725,38038.95,video_streaming,True
1088,1428.91,1415.56,1452.32,36.76,0.002929,29.792,52183.87,bulk_transfer,True
2856,1203.62,1170.74,1325.46,154.72,0.013373,41.033,83774.65,video_streaming,True
368,570.14,459.0,752.52,293.52,1.190105,16.016,13099.8,web_browsing,True
127,169.85,128.41,213.19,84.78,1.370263,15.463,1395.03,interactive_ssh,True
75,535.21,478.97,795.7,316.73,1.055999,37.96,1057.45,web_browsing,True
257,1426.0,1412.16,1434.48,22.32,0.002031,35.278,10388.5,bulk_transfer,True
56,136.88,122.31,146.15,23.85,1.433292,28.542,268.56,interactive_ssh,True
1983,1428.0,1409.09,1447.02,37.93,0.001481,29.949,94551.52,bulk_transfer,True
1018,1414.58,1402.78,1419.97,17.19,0.002536,58.402,24657.39,bulk_transfer,True
66,94.79,92.83,118.97,26.14,0.197968,10.81,578.75,dns_like_burst,True
271,1396.41,1394.64,1401.47,6.83,0.000987,13.143,28793.86,bulk_transfer,True
338,450.74,343.35,540.84,197.49,1.018862,37.813,4029.06,web_browsing,True
199,130.05,126.66,155.14,28.48,0.686323,31.626,818.31,interactive_ssh,True
241,1424.97,1411.73,1433.04,21.31,0.00181,28.843,11906.3,bulk_transfer,True
760,1205.99,1125.61,1333.4,207.79,0.013093,58.672,15621.56,video_streaming,True
855,1185.2,1121.24,1239.04,117.79,0.044885,40.333,25124.28,video_streaming,True
1687,1414.97,1380.52,1420.78,40.26,0.001585,53.587,44545.2,bulk_transfer,True
2833,1138.32,1045.19,1155.25,110.06,0.024894,44.952,71740.12,video_streaming,True
1596,1112.91,997.08,1209.17,212.09,0.048824,38.644,45963.67,video_streaming,True
317,1429.96,1417.0,1459.07,42.07,0.001172,10.842,41810.94,bulk_transfer,True
1324,1370.34,1339.8,1387.28,47.48,0.001527,40.746,44528.25,bulk_transfer,True
229,702.43,698.79,723.17,24.38,0.365927,36.671,4386.48,web_browsing,True
50,109.51,77.75,148.22,70.46,0.137247,7.111,770.08,dns_like_burst,True
1330,1175.03,1116.6,1241.49,124.89,0.030903,28.608,54627.64,video_streaming,True
23,109.68,84.04,136.38,52.35,0.144059,13.768,183.23,dns_like_burst,True
1119,1374.85,1368.12,1380.34,12.22,0.001806,44.104,34882.59,bulk_transfer,True
1250,1412.73,1409.95,1440.03,30.07,0.000848,36.188,48798.58,bulk_transfer,True
287,768.22,712.41,955.74,243.32,1.37943,35.048,6290.76,web_browsing,True
32,81.89,80.1,83.6,3.5,0.177637,7.148,366.61,dns_like_burst,True
149,137.71,90.22,165.7,75.49,1.262864,13.188,1555.84,interactive_ssh,True
296,358.26,211.72,374.25,162.53,1.013119,24.937,4252.59,web_browsing,True
412,1398.15,1390.24,1403.86,13.62,0.002962,32.031,17983.6,bulk_transfer,True
41,139.11,79.44,209.04,129.61,1.781668,12.853,443.75,interactive_ssh,True
51,104.4,91.55,162.2,70.65,0.066146,12.038,442.31,dns_like_burst,True
1878,1276.34,1233.85,1397.32,163.48,0.035399,25.759,93052.84,video_streaming,True
33,119.73,45.8,130.09,84.29,1.660666,31.054,127.24,interactive_ssh,True
146,131.11,84.71,143.89,59.19,1.367011,17.945,1066.69,interactive_ssh,True
57,147.57,98.98,176.01,77.03,1.563853,33.029,254.66,interactive_ssh,True
82,86.85,79.97,94.13,14.17,0.090681,14.236,500.29,dns_like_burst,True
20,80.93,65.86,91.48,25.62,0.108697,2.267,713.86,dns_like_burst,True
58,870.59,747.72,988.62,240.9,0.675129,15.481,3261.7,web_browsing,True
1504,1210.77,1198.37,1312.87,114.49,0.014725,24.932,73038.93,video_streaming,True
182,70.5,69.99,127.07,57.08,1.215673,16.633,771.39,interactive_ssh,True
1784,1416.44,1395.62,1436.28,40.66,0.001234,38.344,65901.3,bulk_transfer,True
148,726.13,329.67,867.98,538.31,0.711446,30.634,3508.06,web_browsing,True
177,161.56,149.43,183.91,34.48,0.827205,29.987,953.62,interactive_ssh,True
120,115.45,68.34,194.59,126.26,0.603342,49.92,277.54,interactive_ssh,True
59,128.96,113.77,144.8,31.03,0.074558,12.7,599.1,dns_like_burst,True
1347,1124.54,1056.05,1194.77,138.72,0.047921,47.48,31903.11,video_streaming,True
100,79.09,70.78,102.77,31.99,0.159618,9.215,858.31,dns_like_burst,True
112,175.94,129.47,190.06,60.59,1.533093,54.805,359.55,interactive_ssh,True
288,1402.69,1402.17,1409.89,7.73,0.000904,12.519,32269.0,bulk_transfer,True
393,557.43,241.62,820.03,578.42,0.864562,17.338,12634.87,web_browsing,True
2306,1169.59,1169.43,1239.88,70.46,0.047193,19.185,140585.24,video_streaming,True
114,164.63,142.48,190.97,48.49,1.565199,53.123,353.29,interactive_ssh,True
27,112.87,103.29,148.13,44.85,0.120757,4.63,658.24,dns_like_burst,True
1393,1355.8,1351.66,1355.99,4.34,0.001584,13.493,139973.41,bulk_transfer,True
425,1384.01,1383.7,1384.11,0.41,0.000878,15.073,39023.01,bulk_transfer,True
145,154.55,131.62,221.05,89.43,1.441898,27.781,806.66,interactive_ssh,True
190,602.02,403.69,630.54,226.85,0.933938,6.129,18661.93,web_browsing,True
605,1136.46,1098.8,1218.76,119.97,0.025703,36.409,18884.21,video_streaming,True
123,60.66,56.87,138.88,82.02,1.551743,39.371,189.51,interactive_ssh,True
87,145.4,140.31,195.96,55.66,1.154079,49.423,255.96,interactive_ssh,True
1031,1415.6,1409.59,1433.78,24.19,0.001486,18.367,79463.88,bulk_transfer,True
58,114.05,99.37,122.22,22.84,0.100431,4.658,1420.23,dns_like_burst,True
1237,1380.78,1378.43,1391.35,12.93,0.000997,54.096,31573.68,bulk_transfer,True
222,520.28,141.43,610.67,469.24,0.325559,23.582,4897.82,web_browsing,True
11,116.77,109.04,138.94,29.89,0.115117,5.458,235.32,dns_like_burst,True
188,177.69,136.93,184.03,47.1,0.653065,42.225,791.15,interactive_ssh,True
183,159.68,148.1,199.33,51.24,1.994208,47.994,608.87,interactive_ssh,True
169,111.43,81.75,136.57,54.82,1.527233,40.089,469.73,interactive_ssh,True
531,1357.52,1330.1,1357.62,27.52,0.001876,32.649,22078.31,bulk_transfer,True
1153,1408.56,1396.44,1412.23,15.79,0.002486,44.95,36130.71,bulk_transfer,True
892,1425.21,1405.61,1425.44,19.83,0.0014,44.338,28672.88,bulk_transfer,True
72,123.33,93.35,131.78,38.43,0.163089,5.396,1645.81,dns_like_burst,True
74,123.31,115.46,129.8,14.34,0.178043,9.041,1009.28,dns_like_burst,True
381,322.97,20,550.87,530.87,1.223808,6.332,19432.64,web_browsing,True
1634,1237.63,1194.63,1299.31,104.68,0.031952,46.063,43902.64,video_streaming,True
294,645.36,285.92,810.85,524.93,1.332544,26.619,7127.91,web_browsing,True
1409,1440.49,1437.55,1448.39,10.84,0.002566,59.015,34391.82,bulk_transfer,True
1607,1279.82,1272.33,1325.51,53.19,0.010923,22.405,91793.49,video_streaming,True
31,95.05,83.65,102.12,18.47,0.069005,3.775,780.49,dns_like_burst,True
1729,1445.25,1431.34,1455.59,24.26,0.002975,51.622,48406.23,bulk_transfer,True
149,61.83,59.92,91.12,31.21,1.615818,57.235,160.96,interactive_ssh,True
100,698.18,641.47,792.14,150.66,0.14115,20.342,3432.21,web_browsing,True
2666,1100.19,1097.38,1217.75,120.36,0.030405,41.653,70417.05,video_streaming,True
21,121.83,116.74,143.24,26.5,0.142019,4.881,524.15,dns_like_burst,True
77,90.05,86.38,94.48,8.1,0.087699,5.599,1238.37,dns_like_burst,True
2681,1187.98,1170.21,1255.1,84.88,0.01295,26.629,119605.12,video_streaming,True
425,1150.39,1145.44,1214.19,68.75,0.019255,24.144,20249.72,video_streaming,True
396,641.39,595.01,680.59,85.57,0.132643,23.104,10993.23,web_browsing,True
1154,1396.63,1373.28,1418.15,44.87,0.000998,58.906,27360.67,bulk_transfer,True
246,396.57,268.75,493.97,225.22,0.293645,8.89,10974.38,web_browsing,True
89,130.67,122.27,137.74,15.46,0.094977,3.261,3566.53,dns_like_burst,True
203,748.81,566.69,870.25,303.56,0.985527,7.381,20594.36,web_browsing,True
2201,1231.26,1223.0,1263.33,40.33,0.047218,30.379,89206.83,video_streaming,True
941,1195.47,1101.47,1236.94,135.47,0.048171,21.144,53204.78,video_streaming,True
236,714.95,410.88,749.47,338.6,1.343294,9.167,18406.24,web_browsing,True
167,302.94,75.96,403.0,327.04,0.413849,30.847,1640.06,web_browsing,True
1891,1437.39,1427.17,1439.21,12.03,0.001753,48.184,56410.97,bulk_transfer,True
124,501.25,469.52,637.77,168.24,1.282352,26.675,2330.11,web_browsing,True
1216,1368.29,1360.33,1391.53,31.21,0.002557,48.64,34207.02,bulk_transfer,True
159,612.07,464.56,654.31,189.75,0.955429,27.7,3513.33,web_browsing,True
363,1113.09,1075.94,1161.26,85.32,0.044562,17.699,22828.57,video_streaming,True
25,99.56,77.85,112.77,34.92,0.083599,8.071,308.38,dns_like_burst,True
79,156.9,156.42,159.17,2.76,0.894567,31.125,398.23,interactive_ssh,True
2598,1247.44,1225.66,1283.8,58.14,0.038817,48.69,66560.71,video_streaming,True
152,78.78,64.36,96.39,32.03,1.956038,50.782,235.79,interactive_ssh,True
385,1405.1,1387.06,1412.13,25.07,0.002869,41.531,13025.49,bulk_transfer,True
653,1376.5,1370.97,1381.12,10.15,0.002059,40.505,22191.28,bulk_transfer,True
277,581.5,405.62,655.53,249.91,0.200124,12.784,12599.62,web_browsing,True
223,674.75,544.99,788.69,243.7,0.995254,12.2,12333.31,web_browsing,True
545,1244.55,1201.44,1321.21,119.77,0.032601,33.951,19978.02,video_streaming,True
462,502.1,345.53,679.66,334.13,0.300787,30.748,7544.22,web_browsing,True
1923,1152.22,1129.73,1308.41,178.68,0.018113,48.743,45456.95,video_streaming,True
1005,1394.96,1391.89,1407.62,15.74,0.000783,13.968,100367.49,bulk_transfer,True
325,784.28,619.24,940.65,321.42,0.15813,33.803,7540.53,web_browsing,True
2737,1146.33,1120.73,1158.27,37.54,0.010797,59.585,52655.69,video_streaming,True
16,117.36,109.19,146.13,36.94,0.170847,12.117,154.97,dns_like_burst,True
164,168.7,164.03,190.2,26.17,1.746992,41.658,664.13,interactive_ssh,True
27,135.51,125.47,149.07,23.6,0.17809,3.845,951.67,dns_like_burst,True
44,114.01,83.2,151.58,68.38,0.021974,4.491,1116.87,dns_like_burst,True
14,113.49,113.4,137.73,24.33,0.092401,14.361,110.63,dns_like_burst,True
62,142.34,137.23,170.15,32.92,1.749554,40.522,217.78,interactive_ssh,True
74,167.49,138.0,197.7,59.69,0.513991,43.468,285.14,interactive_ssh,True
207,1445.0,1438.62,1458.9,20.28,0.002318,30.809,9708.64,bulk_transfer,True
1546,1443.75,1433.21,1459.45,26.24,0.000553,49.968,44669.37,bulk_transfer,True
1612,1166.87,1160.31,1167.62,7.31,0.049547,27.36,68749.55,video_streaming,True
477,1164.39,1087.03,1255.82,168.79,0.027122,33.451,16603.76,video_streaming,True
181,78.78,51.91,116.03,64.12,0.529486,52.927,269.4,interactive_ssh,True
2933,1251.41,1172.02,1264.28,92.26,0.028502,35.798,102530.19,video_streaming,True
1258,1148.71,1137.48,1219.8,82.32,0.042766,51.961,27810.6,video_streaming,True
1762,1294.11,1258.97,1383.34,124.37,0.046878,52.736,43238.12,video_streaming,True
413,516.14,407.34,592.27,184.93,1.266897,22.352,9537.0,web_browsing,True
1563,1150.42,1071.25,1188.84,117.58,0.048633,18.308,98217.1,video_streaming,True
71,105.43,101.31,118.64,17.32,0.027516,12.476,599.99,dns_like_burst,True
84,79.05,53.52,98.47,44.95,1.72344,17.179,386.55,interactive_ssh,True
679,1363.29,1332.64,1370.97,38.33,0.001087,36.928,25066.89,bulk_transfer,True
73,138.57,111.16,150.95,39.8,0.138233,9.603,1053.4,dns_like_burst,True
326,1382.6,1363.63,1384.8,21.17,0.002461,15.305,29448.75,bulk_transfer,True
45,101.61,87.65,149.31,61.67,0.824861,53.112,86.09,interactive_ssh,True
371,691.78,658.53,694.85,36.32,0.758425,30.916,8301.57,web_browsing,True
1920,1359.36,1356.46,1382.36,25.9,0.000662,46.558,56058.51,bulk_transfer,True
33,60.52,20,63.2,43.2,1.695158,19.226,103.88,interactive_ssh,True
62,77.39,66.25,113.72,47.48,1.467333,41.485,115.66,interactive_ssh,True
414,1269.62,1252.69,1366.6,113.91,0.037654,21.611,24321.68,video_streaming,True
94,120.28,118.15,123.02,4.88,0.145034,11.031,1024.96,dns_like_burst,True
2156,1211.86,1164.41,1268.24,103.83,0.020957,26.381,99039.11,video_streaming,True
39,92.47,87.47,100.67,13.21,0.116778,6.699,538.33,dns_like_burst,True
231,518.18,504.18,598.83,94.66,1.203171,13.808,8669.1,web_browsing,True
1167,1391.49,1389.2,1402.79,13.58,0.002347,42.641,38082.34,bulk_transfer,True
398,654.23,396.91,764.97,368.06,1.198202,35.479,7339.11,web_browsing,True
371,398.19,85.99,740.11,654.12,0.528047,6.548,22559.2,web_browsing,True
171,151.41,120.27,245.87,125.61,1.300841,43.208,599.23,interactive_ssh,True
1778,1165.85,1139.15,1290.13,150.98,0.033569,16.965,122189.68,video_streaming,True
2761,1109.72,1010.81,1158.91,148.1,0.033019,47.356,64700.58,video_streaming,True
78,133.61,97.7,174.13,76.43,0.192745,10.058,1036.11,dns_like_burst,True
61,160.89,110.49,171.18,60.68,1.497951,52.028,188.64,interactive_ssh,True
49,119.74,77.56,134.31,56.75,0.085538,3.28,1788.62,dns_like_burst,True
39,130.28,114.58,151.11,36.53,0.15185,4.136,1228.37,dns_like_burst,True
195,158.08,127.79,174.66,46.87,1.594163,18.3,1684.49,interactive_ssh,True
1683,1134.9,1064.98,1215.93,150.95,0.013488,42.576,44862.24,video_streaming,True
2671,1174.4,1119.98,1204.66,84.68,0.031199,40.417,77612.21,video_streaming,True
57,83.0,58.0,112.5,54.5,0.186074,4.19,1129.14,dns_like_burst,True
22,158.26,125.82,179.13,53.31,1.431521,13.897,250.54,interactive_ssh,True
54,130.87,129.62,136.82,7.2,0.033379,8.417,839.62,dns_like_burst,True
389,656.92,519.55,884.94,365.4,0.106293,22.117,11554.16,web_browsing,True
2256,1252.66,1244.27,1303.59,59.32,0.040904,58.982,47912.75,video_streaming,True
153,176.63,150.65,264.77,114.13,1.841267,14.271,1893.62,interactive_ssh,True
32,92.04,62.42,113.87,51.45,0.067699,9.833,299.51,dns_like_burst,True
763,1435.43,1434.49,1440.22,5.73,0.002155,41.748,26234.19,bulk_transfer,True
18,118.46,80.39,123.16,42.77,0.184087,8.74,243.96,dns_like_burst,True
243,568.64,566.51,884.52,318.01,1.120406,31.244,4422.65,web_browsing,True
372,372.66,350.74,379.83,29.09,0.845076,29.433,4709.94,web_browsing,True
79,81.46,78.63,95.86,17.23,0.059453,14.527,442.99,dns_like_burst,True
32,95.57,61.28,99.05,37.77,1.948936,53.515,57.15,interactive_ssh,True
161,810.05,720.53,1208.56,488.04,1.274972,15.656,8330.52,web_browsing,True
174,422.67,233.75,667.51,433.76,0.237283,35.716,2059.13,web_browsing,True
2510,1151.42,1145.59,1170.16,24.57,0.031474,31.821,90821.39,video_streaming,True
92,113.46,89.15,127.25,38.1,0.129367,12.482,836.29,dns_like_burst,True
753,1425.58,1413.18,1452.01,38.83,0.00219,57.3,18734.01,bulk_transfer,True
707,1419.92,1394.35,1445.0,50.65,0.001149,37.976,26434.93,bulk_transfer,True
261,701.2,557.54,722.07,164.53,0.326908,33.981,5385.76,web_browsing,True
338,1370.52,1357.79,1372.96,15.17,0.00255,21.54,21505.43,bulk_transfer,True
190,782.17,596.44,797.57,201.12,0.576998,24.039,6182.16,web_browsing,True
23,70.3,67.69,96.73,29.04,0.104598,14.516,111.39,dns_like_burst,True
881,1449.65,1441.83,1452.19,10.37,0.000981,14.536,87862.11,bulk_transfer,True
2122,1140.77,1129.81,1176.97,47.15,0.044325,20.601,117505.73,video_streaming,True
72,136.97,102.06,139.53,37.48,0.071144,6.671,1478.36,dns_like_burst,True
77,122.25,106.37,132.65,26.28,0.079665,2.976,3162.98,dns_like_burst,True
660,1155.0,1138.58,1218.13,79.55,0.014472,43.559,17500.61,video_streaming,True
67,110.61,92.91,149.2,56.3,1.462647,56.693,130.72,interactive_ssh,True
663,1140.34,1046.12,1189.73,143.61,0.034714,31.723,23832.76,video_streaming,True
194,69.96,20,83.88,63.88,1.437916,18.695,725.98,interactive_ssh,True
330,886.89,725.84,1105.08,379.24,1.047096,18.317,15978.26,web_browsing,True
123,84.44,20,87.62,67.62,1.135632,51.018,203.58,interactive_ssh,True
83,80.47,70.96,93.57,22.61,0.128066,3.443,1939.79,dns_like_burst,True
59,84.08,78.6,105.63,27.03,0.114126,9.966,497.76,dns_like_burst,True
861,1272.53,1199.83,1307.82,107.99,0.017207,56.508,19389.22,video_streaming,True
69,64.93,20,90.64,70.64,0.557193,51.91,86.31,interactive_ssh,True
159,133.41,91.68,171.0,79.32,1.544605,39.815,532.76,interactive_ssh,True
39,109.91,106.72,124.91,18.19,0.092637,10.896,393.4,dns_like_burst,True
493,1174.47,1094.24,1182.14,87.9,0.018525,28.497,20318.51,video_streaming,True
33,79.67,65.08,110.72,45.64,0.145207,4.557,576.87,dns_like_burst,True
20,79.93,78.39,90.74,12.34,0.130984,7.218,221.48,dns_like_burst,True
141,79.03,20,85.4,65.4,1.561209,32.543,342.44,interactive_ssh,True
225,364.02,216.34,578.06,361.72,0.759767,39.67,2064.65,web_browsing,True
23,138.88,135.01,153.85,18.84,0.939489,40.41,79.04,interactive_ssh,True
1397,1147.38,1128.77,1149.74,20.97,0.027917,55.178,29049.57,video_streaming,True
432,1216.02,1213.54,1217.84,4.3,0.017775,21.85,24042.54,video_streaming,True
158,360.9,193.96,384.82,190.86,1.424665,32.477,1755.76,web_browsing,True
67,868.94,851.18,870.9,19.72,1.411183,14.501,4014.82,web_browsing,True
72,75.88,64.39,130.71,66.32,0.117094,3.414,1600.04,dns_like_burst,True
12,100.95,77.06,102.12,25.06,0.094172,12.264,98.77,dns_like_burst,True
666,1416.74,1407.14,1421.61,14.47,0.000585,26.903,35072.69,bulk_transfer,True
144,133.07,93.63,222.25,128.62,1.59165,33.49,572.19,interactive_ssh,True
23,92.26,84.18,97.89,13.71,0.195938,2.739,774.74,dns_like_burst,True
74,106.99,62.61,133.36,70.75,0.757319,11.646,679.83,interactive_ssh,True
328,1406.44,1393.55,1418.38,24.83,0.001829,48.861,9441.21,bulk_transfer,True
426,838.45,579.82,865.41,285.58,1.206333,31.007,11519.18,web_browsing,True
303,1214.11,1178.94,1227.46,48.52,0.038727,27.357,13447.31,video_streaming,True
1248,1369.73,1369.53,1381.04,11.51,0.000662,11.693,146189.8,bulk_transfer,True
156,86.91,40.75,113.66,72.91,0.806277,41.196,329.11,interactive_ssh,True
90,76.84,72.74,92.2,19.46,0.125694,4.849,1426.02,dns_like_burst,True
197,157.8,118.6,263.96,145.36,1.237805,57.832,537.53,interactive_ssh,True
1325,1207.69,1167.24,1308.94,141.7,0.047951,15.621,102437.85,video_streaming,True
180,111.87,27.12,118.63,91.52,0.698035,21.363,942.58,interactive_ssh,True
669,1182.84,1127.18,1252.01,124.82,0.025867,30.105,26285.33,video_streaming,True
84,179.15,151.7,208.31,56.62,1.696506,23.238,647.61,interactive_ssh,True
1644,1397.35,1373.88,1421.5,47.61,0.000983,28.212,81426.39,bulk_transfer,True
1974,1290.28,1283.12,1304.69,21.57,0.018788,34.76,73274.78,video_streaming,True
330,357.84,132.93,527.28,394.35,1.26816,29.913,3947.77,web_browsing,True
256,536.7,306.78,627.14,320.37,0.578442,18.74,7331.66,web_browsing,True
2606,1195.02,1146.66,1227.06,80.4,0.034751,33.196,93813.19,video_streaming,True
457,1419.05,1398.35,1421.07,22.72,0.002191,12.7,51064.86,bulk_transfer,True
14,109.02,93.79,125.1,31.31,0.189969,13.829,110.36,dns_like_burst,True
261,340.07,144.2,343.9,199.7,0.42976,20.139,4407.25,web_browsing,True
1596,1368.07,1349.42,1378.58,29.16,0.001431,37.387,58400.8,bulk_transfer,True
137,160.39,145.37,197.95,52.58,0.600681,27.929,786.74,interactive_ssh,True
105,164.35,163.27,171.34,8.06,0.726681,51.631,334.22,interactive_ssh,True
1890,1422.17,1406.83,1442.57,35.74,0.001643,37.575,71534.39,bulk_transfer,True
863,1444.79,1441.06,1447.68,6.62,0.002553,14.707,84782.28,bulk_transfer,True
1613,1404.32,1386.2,1407.43,21.23,0.002946,53.166,42605.29,bulk_transfer,True
439,1283.01,1261.03,1298.43,37.4,0.01797,34.181,16478.05,video_streaming,True
1597,1212.83,1192.52,1214.42,21.91,0.034559,47.586,40702.8,video_streaming,True
846,1108.35,1082.58,1151.23,68.65,0.019307,41.193,22762.99,video_streaming,True
1277,1123.41,1049.08,1125.22,76.14,0.014703,36.052,39792.94,video_streaming,True
15,129.55,115.63,131.36,15.73,0.080773,2.416,804.21,dns_like_burst,True
58,121.68,95.01,130.79,35.77,0.188896,9.339,755.7,dns_like_burst,True
160,78.55,21.67,90.88,69.22,1.096658,23.558,533.46,interactive_ssh,True
464,646.52,622.04,750.22,128.19,0.342254,33.377,8987.76,web_browsing,True
43,125.05,117.8,152.97,35.17,0.197231,2.725,1973.22,dns_like_burst,True
886,1388.16,1370.66,1390.98,20.32,0.001002,35.237,34904.21,bulk_transfer,True
46,77.91,70.96,87.8,16.84,0.021464,14.468,247.72,dns_like_burst,True
86,135.39,101.31,159.46,58.15,1.673567,45.658,255.03,interactive_ssh,True
49,105.88,73.28,133.02,59.74,0.141079,12.667,409.58,dns_like_burst,True
74,541.19,187.04,678.41,491.37,1.185474,6.548,6116.12,web_browsing,True
1569,1384.7,1371.61,1389.82,18.21,0.002027,34.685,62638.52,bulk_transfer,True
1061,1386.23,1384.84,1387.29,2.45,0.00123,52.257,28145.1,bulk_transfer,True
98,352.71,331.18,661.67,330.49,1.477125,8.142,4245.07,web_browsing,True
382,698.09,687.48,1032.83,345.35,1.403953,23.159,11514.81,web_browsing,True
474,716.21,700.07,762.89,62.82,0.752615,32.597,10414.41,web_browsing,True
1518,1237.03,1225.36,1269.44,44.08,0.046508,21.002,89409.89,video_streaming,True
445,1443.99,1443.22,1446.16,2.94,0.00235,22.661,28356.46,bulk_transfer,True
75,132.17,121.92,137.73,15.82,0.065086,8.651,1145.87,dns_like_burst,True
2710,1213.37,1159.47,1286.08,126.62,0.042013,21.043,156264.16,video_streaming,True
164,337.23,303.52,450.91,147.39,1.40303,37.762,1464.6,web_browsing,True
1076,1438.43,1430.39,1458.02,27.63,0.002784,57.035,27136.81,bulk_transfer,True
54,109.73,85.18,114.59,29.41,0.108188,7.569,782.84,dns_like_burst,True
2410,1120.42,1091.52,1172.83,81.31,0.01685,58.201,46394.15,video_streaming,True
447,880.46,792.82,935.8,142.98,0.502345,36.729,10715.48,web_browsing,True
92,132.69,121.59,133.69,12.1,0.047724,9.823,1242.79,dns_like_burst,True
2226,1154.23,1063.49,1226.4,162.91,0.019087,56.607,45388.6,video_streaming,True
36,124.4,99.37,160.91,61.54,0.089275,11.671,383.71,dns_like_burst,True
750,1388.68,1358.7,1406.03,47.33,0.000687,14.515,71753.53,bulk_transfer,True
439,340.53,332.57,389.76,57.19,0.758922,19.008,7865.01,web_browsing,True
434,1217.05,1191.7,1297.46,105.76,0.010614,21.067,25071.96,video_streaming,True
2021,1236.21,1220.35,1278.71,58.35,0.025209,34.625,72156.21,video_streaming,True
181,876.35,624.12,1040.38,416.26,0.997592,26.64,5954.24,web_browsing,True
364,474.58,459.77,485.78,26.01,1.142995,5.843,29567.2,web_browsing,True
539,1382.92,1369.06,1415.24,46.17,0.002366,11.595,64287.75,bulk_transfer,True
89,465.23,247.24,719.69,472.45,0.841081,15.093,2743.35,web_browsing,True
668,1447.17,1437.85,1454.38,16.53,0.000599,48.95,19748.96,bulk_transfer,True
198,170.24,163.87,172.46,8.6,1.080714,39.599,851.21,interactive_ssh,True
293,418.41,348.99,563.79,214.8,0.251799,14.107,8690.1,web_browsing,True
829,1355.53,1344.8,1384.82,40.01,0.002118,14.055,79954.95,bulk_transfer,True
1856,1146.89,1078.93,1218.81,139.88,0.025153,47.048,45243.83,video_streaming,True
911,1280.57,1199.31,1366.21,166.9,0.041164,38.782,30080.66,video_streaming,True
50,106.78,31.99,128.14,96.15,1.667129,42.451,125.77,interactive_ssh,True
84,97.75,87.17,103.21,16.04,0.190895,6.211,1321.95,dns_like_burst,True
141,162.17,154.78,168.96,14.18,1.119381,31.822,718.53,interactive_ssh,True
62,71.77,65.39,93.12,27.74,0.199989,7.207,617.42,dns_like_burst,True
138,845.91,798.48,869.76,71.28,0.367106,14.313,8155.81,web_browsing,True
266,400.5,259.11,484.82,225.71,0.672502,36.093,2951.62,web_browsing,True
1142,1399.39,1386.72,1410.92,24.2,0.002209,48.349,33053.95,bulk_transfer,True
158,672.73,613.14,950.65,337.51,0.382671,39.985,2658.26,web_browsing,True
1230,1439.79,1424.43,1449.79,25.36,0.002364,33.693,52561.08,bulk_transfer,True
410,825.31,586.67,1037.48,450.81,1.096829,32.003,10573.15,web_browsing,True
42,129.06,94.82,183.9,89.08,0.081858,2.358,2299.06,dns_like_burst,True
320,397.69,326.96,403.09,76.13,1.201734,36.138,3521.5,web_browsing,True
84,112.52,98.2,116.91,18.71,0.031126,12.289,769.12,dns_like_burst,True
1656,1418.29,1414.51,1428.45,13.94,0.000578,16.655,141022.84,bulk_transfer,True
1702,1298.9,1230.1,1304.45,74.35,0.011266,52.672,41971.4,video_streaming,True
152,564.02,260.5,711.67,451.17,1.059512,36.991,2317.63,web_browsing,True
75,79.2,73.67,98.87,25.2,0.064778,5.164,1150.16,dns_like_burst,True
1648,1131.34,1090.37,1136.15,45.78,0.031179,52.827,35293.13,video_streaming,True
599,1219.84,1202.53,1221.7,19.17,0.03473,46.133,15838.67,video_streaming,True
1548,1431.89,1415.93,1439.14,23.21,0.002587,29.654,74746.95,bulk_transfer,True
251,491.78,446.21,655.21,209.0,0.257456,37.403,3300.15,web_browsing,True
439,1285.07,1264.25,1326.08,61.84,0.017726,35.105,16070.46,video_streaming,True
1479,1358.41,1343.92,1368.44,24.52,0.002274,32.348,62108.2,bulk_transfer,True
365,1366.64,1356.77,1373.65,16.88,0.000842,31.526,15822.53,bulk_transfer,True
2011,1268.72,1229.69,1316.04,86.34,0.012004,43.193,59069.48,video_streaming,True
82,132.71,125.08,156.31,31.23,0.06936,10.06,1081.76,dns_like_burst,True
1834,1245.52,1239.93,1301.88,61.95,0.03651,19.052,119900.22,video_streaming,True
1347,1355.68,1354.09,1359.79,5.7,0.000744,32.609,56000.35,bulk_transfer,True
127,433.31,368.37,523.07,154.69,0.274918,14.891,3695.49,web_browsing,True
159,644.23,601.07,930.54,329.47,1.203863,34.344,2982.55,web_browsing,True
1140,1368.54,1368.38,1369.8,1.42,0.00141,26.446,58992.36,bulk_transfer,True
867,1375.94,1368.99,1379.81,10.82,0.002775,27.689,43083.11,bulk_transfer,True
1709,1280.21,1248.45,1306.81,58.36,0.041593,16.191,135126.76,video_streaming,True
320,1137.64,1018.45,1165.8,147.35,0.035596,56.53,6439.83,video_streaming,True
98,129.91,77.52,156.3,78.78,1.170184,31.918,398.89,interactive_ssh,True
2348,1298.27,1249.55,1359.61,110.06,0.033376,21.259,143388.9,video_streaming,True
67,137.81,120.88,145.95,25.07,0.056498,12.791,721.89,dns_like_burst,True
74,132.52,126.52,136.21,9.69,0.117341,3.386,2896.13,dns_like_burst,True
1623,1276.73,1262.3,1346.28,83.98,0.045768,51.415,40302.34,video_streaming,True
2324,1297.56,1182.57,1381.6,199.03,0.044933,16.158,186624.4,video_streaming,True
971,1213.67,1169.11,1225.73,56.62,0.047976,27.757,42457.33,video_streaming,True
21,116.97,84.73,186.51,101.78,1.871563,12.018,204.39,interactive_ssh,True
800,1231.5,1209.95,1316.48,106.53,0.030972,18.282,53888.89,video_streaming,True
2352,1285.26,1282.84,1367.66,84.82,0.025079,25.834,117012.07,video_streaming,True
81,73.75,23.72,79.23,55.52,0.187523,5.241,1139.86,dns_like_burst,True
474,604.21,550.69,691.8,141.11,1.091382,30.744,9315.38,web_browsing,True
1209,1385.56,1382.04,1386.2,4.16,0.001199,22.959,72963.02,bulk_transfer,True
207,399.55,292.36,614.65,322.28,1.139302,9.124,9064.73,web_browsing,True
42,86.19,53.48,117.43,63.95,0.913169,38.449,94.15,interactive_ssh,True
49,121.96,116.04,133.28,17.24,0.166812,6.162,969.84,dns_like_burst,True
309,774.45,542.61,958.01,415.39,1.455553,18.683,12808.81,web_browsing,True
1701,1400.57,1382.71,1403.04,20.33,0.001114,32.353,73637.01,bulk_transfer,True
1153,1445.39,1436.76,1452.85,16.09,0.001575,34.674,48063.41,bulk_transfer,True
95,134.77,99.44,148.74,49.29,0.032646,11.813,1083.78,dns_like_burst,True
1138,1416.25,1409.06,1432.85,23.79,0.002568,53.908,29896.8,bulk_transfer,True
46,79.75,65.33,101.84,36.51,0.72644,17.416,210.65,interactive_ssh,True
89,97.0,57.39,111.17,53.78,0.120706,14.475,596.38,dns_like_burst,True
1239,1117.41,1062.78,1218.69,155.91,0.049926,34.08,40623.93,video_streaming,True
1183,1398.38,1392.41,1401.96,9.55,0.001357,23.238,71189.38,bulk_transfer,True
28,92.24,78.92,92.72,13.8,0.152162,9.667,267.16,dns_like_burst,True
2086,1182.98,1058.55,1203.81,145.25,0.027594,37.107,66501.81,video_streaming,True
67,118.49,114.07,136.61,22.54,0.077061,8.84,898.06,dns_like_burst,True
56,78.04,58.74,82.2,23.45,0.086607,2.851,1533.02,dns_like_burst,True
185,64.07,21.73,87.89,66.17,1.801997,32.515,364.51,interactive_ssh,True
96,75.31,58.43,78.23,19.79,1.994744,29.944,241.44,interactive_ssh,True
189,167.49,160.43,233.44,73.01,0.832456,24.549,1289.48,interactive_ssh,True
70,127.32,109.64,130.8,21.17,0.045873,9.097,979.7,dns_like_burst,True
2285,1156.0,1130.05,1231.1,101.05,0.04025,24.06,109788.07,video_streaming,True
118,72.85,67.5,91.6,24.1,0.55164,52.386,164.1,interactive_ssh,True
232,852.54,730.41,1079.04,348.63,1.184947,36.144,5472.33,web_browsing,True
388,433.78,289.09,634.94,345.85,1.454859,29.922,5624.77,web_browsing,True
71,122.31,80.21,153.33,73.12,1.311553,45.865,189.33,interactive_ssh,True
21,115.12,82.6,148.77,66.17,0.133995,5.268,458.86,dns_like_burst,True
126,109.97,21.22,211.61,190.39,1.045672,19.86,697.71,interactive_ssh,True
52,100.09,61.52,148.35,86.82,1.261555,23.374,222.66,interactive_ssh,True
1283,1412.96,1406.15,1420.9,14.75,0.001178,22.423,80848.09,bulk_transfer,True
74,123.7,121.51,166.62,45.11,1.824024,37.753,242.46,interactive_ssh,True
81,127.2,118.35,128.89,10.54,0.142804,4.536,2271.39,dns_like_burst,True
61,89.77,53.81,114.74,60.94,0.157249,13.476,406.33,dns_like_burst,True
657,1398.51,1394.18,1401.23,7.05,0.001987,56.096,16379.33,bulk_transfer,True
946,1358.05,1344.51,1368.17,23.66,0.001344,34.133,37638.99,bulk_transfer,True
177,102.66,72.63,113.81,41.19,1.099526,10.665,1703.66,interactive_ssh,True
74,172.59,169.81,196.52,26.71,1.908067,48.34,264.21,interactive_ssh,True
156,63.03,53.76,84.69,30.92,1.867613,15.246,644.91,interactive_ssh,True
69,120.21,118.37,125.3,6.93,0.186259,4.867,1704.11,dns_like_burst,True
1449,1434.04,1412.4,1436.85,24.45,0.002499,14.239,145933.01,bulk_transfer,True
14,81.44,62.9,100.91,38.01,0.010882,8.758,130.2,dns_like_burst,True
1666,1414.35,1406.7,1422.89,16.18,0.000843,33.387,70575.82,bulk_transfer,True
1022,1424.34,1416.74,1428.82,12.08,0.002983,11.377,127943.57,bulk_transfer,True
62,91.64,75.33,107.89,32.56,0.160624,5.164,1100.24,dns_like_burst,True
28,155.43,141.63,159.73,18.11,0.652082,29.765,146.22,interactive_ssh,True
247,382.61,378.05,458.5,80.45,1.44435,10.22,9246.91,web_browsing,True
119,159.82,143.92,170.17,26.25,0.876835,20.894,910.26,interactive_ssh,True
29,99.17,93.77,108.75,14.98,0.048474,9.94,289.34,dns_like_burst,True
64,116.42,106.83,117.12,10.28,0.045624,6.217,1198.54,dns_like_burst,True
109,365.93,201.75,425.39,223.64,0.666571,21.974,1815.18,web_browsing,True
359,794.55,779.58,897.31,117.73,0.413414,8.284,34431.3,web_browsing,True
115,111.1,51.05,111.12,60.07,0.770778,28.019,455.99,interactive_ssh,True
45,127.48,94.92,131.13,36.22,0.151223,11.876,483.05,dns_like_burst,True
431,429.52,20,843.14,823.14,1.39978,18.168,10189.68,web_browsing,True
54,86.6,57.76,93.03,35.27,0.07487,4.027,1161.4,dns_like_burst,True
221,1403.75,1391.63,1404.02,12.4,0.001291,51.971,5969.31,bulk_transfer,True
63,132.73,102.61,144.11,41.51,0.06577,14.722,568.0,dns_like_burst,True
131,149.42,85.16,163.67,78.51,1.178731,21.297,919.09,interactive_ssh,True
1309,1427.91,1422.79,1437.25,14.46,0.002529,59.246,31548.44,bulk_transfer,True
948,1238.58,1197.53,1252.33,54.8,0.048317,38.265,30685.51,video_streaming,True
69,116.3,89.82,127.18,37.36,1.945796,27.657,290.15,interactive_ssh,True
78,782.5,652.34,814.76,162.42,1.480753,7.498,8139.79,web_browsing,True
95,87.95,36.45,104.82,68.36,1.741888,19.708,423.94,interactive_ssh,True
54,300.21,136.9,622.47,485.58,0.736399,33.329,486.41,web_browsing,True
228,317.01,251.1,377.15,126.05,0.328109,38.134,1895.39,web_browsing,True
1248,1369.94,1366.9,1387.55,20.65,0.002518,35.388,48313.13,bulk_transfer,True
39,91.66,72.89,98.76,25.87,0.144584,14.038,254.66,dns_like_burst,True
383,409.04,379.74,609.4,229.66,1.362223,7.869,19909.08,web_browsing,True
1400,1179.86,1153.85,1236.73,82.89,0.048917,32.418,50952.38,video_streaming,True
1656,1241.72,1237.58,1243.57,5.99,0.045228,16.698,123147.22,video_streaming,True
67,129.48,119.39,140.1,20.7,0.146935,4.238,2047.16,dns_like_burst,True
67,108.74,83.88,140.66,56.77,0.060615,7.353,990.77,dns_like_burst,True
57,107.43,87.73,120.96,33.23,0.033848,11.759,520.74,dns_like_burst,True
66,123.05,109.1,133.94,24.84,0.058832,3.614,2247.31,dns_like_burst,True
12,135.63,119.64,149.07,29.43,0.169547,8.833,184.26,dns_like_burst,True
995,1263.84,1256.17,1317.12,60.96,0.028736,57.184,21990.88,video_streaming,True
200,159.18,111.71,202.29,90.58,1.962151,46.158,689.73,interactive_ssh,True
381,1430.16,1404.62,1445.0,40.38,0.000667,53.139,10254.14,bulk_transfer,True
92,140.14,128.84,146.55,17.71,1.618006,54.185,237.94,interactive_ssh,True
56,801.28,644.58,994.56,349.98,0.852831,24.521,1829.9,web_browsing,True
185,63.42,20,101.96,81.96,1.89724,26.523,442.39,interactive_ssh,True
1856,1131.2,1108.87,1215.81,106.95,0.037768,23.917,87782.71,video_streaming,True
21,162.9,103.6,187.59,84.0,1.355511,25.388,134.75,interactive_ssh,True
114,129.28,85.83,181.64,95.81,1.163422,18.838,782.38,interactive_ssh,True
22,66.74,30.33,143.0,112.67,1.392086,38.924,37.72,interactive_ssh,True
443,570.02,476.96,637.72,160.76,0.652694,29.387,8592.85,web_browsing,True
185,84.6,66.92,122.7,55.78,0.531378,22.835,685.39,interactive_ssh,True
170,170.47,164.62,240.16,75.53,0.932782,17.033,1701.36,interactive_ssh,True
120,899.09,811.93,998.28,186.35,1.154593,10.871,9924.44,web_browsing,True
115,84.73,77.61,170.5,92.9,1.251785,28.965,336.42,interactive_ssh,True
467,666.14,548.09,759.03,210.95,0.799551,38.452,8090.25,web_browsing,True
909,1245.65,1163.85,1284.23,120.38,0.014575,52.282,21657.32,video_streaming,True
1946,1369.51,1368.5,1384.66,16.16,0.002508,19.996,133281.1,bulk_transfer,True
138,566.96,557.86,633.3,75.44,1.405233,16.982,4607.2,web_browsing,True
51,124.54,106.83,143.86,37.03,0.180628,5.79,1096.97,dns_like_burst,True
1627,1151.12,1144.9,1215.24,70.34,0.031007,37.203,50342.68,video_streaming,True
284,636.96,496.0,773.47,277.47,1.406555,36.134,5006.33,web_browsing,True
69,109.84,103.57,134.6,31.03,0.01866,8.091,936.78,dns_like_burst,True
320,1268.46,1220.4,1317.47,97.07,0.015961,19.231,21107.35,video_streaming,True
370,330.19,227.63,445.64,218.01,1.011324,38.997,3132.83,web_browsing,True
136,85.21,69.2,121.8,52.59,1.644052,16.12,718.91,interactive_ssh,True
915,1210.85,1188.08,1299.44,111.36,0.025233,21.491,51553.38,video_streaming,True
900,1405.59,1399.52,1418.62,19.1,0.002523,20.107,62914.55,bulk_transfer,True
360,385.07,214.5,494.78,280.28,0.187838,13.351,10382.99,web_browsing,True
234,340.89,291.82,503.94,212.12,0.460249,22.834,3493.41,web_browsing,True
834,1414.71,1386.87,1415.92,29.05,0.001211,29.29,40282.96,bulk_transfer,True
1849,1413.4,1410.28,1414.56,4.28,0.001085,33.759,77411.59,bulk_transfer,True
88,129.87,125.03,150.36,25.33,0.063819,10.601,1078.08,dns_like_burst,True
1032,1121.93,1068.12,1216.93,148.81,0.038947,35.474,32638.67,video_streaming,True
1730,1402.41,1394.76,1404.75,9.99,0.002551,35.437,68463.71,bulk_transfer,True
76,120.06,90.0,153.04,63.04,0.712719,40.185,227.06,interactive_ssh,True
2641,1226.92,1195.14,1263.95,68.81,0.041813,54.277,59699.9,video_streaming,True
1752,1133.6,1132.03,1188.41,56.39,0.040545,45.623,43531.82,video_streaming,True
36,136.59,88.37,187.1,98.73,1.102929,23.212,211.83,interactive_ssh,True
39,104.67,75.55,137.23,61.68,0.889922,48.889,83.5,interactive_ssh,True
1576,1367.79,1366.15,1370.14,4.0,0.001126,10.767,200202.08,bulk_transfer,True
430,1420.33,1416.6,1452.15,35.55,0.001715,11.242,54328.3,bulk_transfer,True
205,346.77,323.01,531.04,208.03,0.202829,7.607,9345.02,web_browsing,True
980,1437.05,1431.21,1447.77,16.56,0.001106,24.653,57125.58,bulk_transfer,True
71,96.58,62.7,109.65,46.95,0.183717,13.598,504.25,dns_like_burst,True
97,148.0,123.74,158.51,34.77,1.456971,15.343,935.61,interactive_ssh,True
1326,1377.84,1365.66,1385.02,19.36,0.00271,57.887,31562.05,bulk_transfer,True
18,86.3,48.89,106.74,57.86,0.178168,8.784,176.84,dns_like_burst,True
66,73.82,72.78,87.99,15.21,0.040286,9.631,505.89,dns_like_burst,True
48,83.8,77.27,104.6,27.33,0.031468,6.218,646.87,dns_like_burst,True
56,65.3,54.13,65.31,11.18,1.598343,55.698,65.65,interactive_ssh,True
614,1434.0,1429.03,1439.8,10.77,0.001605,13.627,64611.16,bulk_transfer,True
1605,1241.39,1231.51,1292.08,60.57,0.020322,39.693,50196.11,video_streaming,True
187,65.47,20,82.82,62.82,0.955608,36.154,338.63,interactive_ssh,True
1443,1373.61,1362.89,1386.38,23.49,0.00246,39.786,49819.86,bulk_transfer,True
1234,1180.17,1040.32,1198.65,158.33,0.034985,20.5,71040.38,video_streaming,True
1529,1156.51,1122.61,1216.81,94.21,0.045639,22.272,79396.41,video_streaming,True
65,129.01,75.37,151.99,76.62,0.07092,7.208,1163.45,dns_like_burst,True
71,79.33,71.68,92.36,20.68,0.116994,14.814,380.2,dns_like_burst,True
360,1377.98,1355.7,1408.05,52.35,0.000809,58.214,8521.61,bulk_transfer,True
180,75.23,26.59,108.05,81.46,1.011967,48.926,276.77,interactive_ssh,True
692,1392.83,1389.87,1405.22,15.35,0.000806,48.847,19731.99,bulk_transfer,True
1129,1351.15,1335.56,1351.71,16.15,0.002789,41.085,37129.05,bulk_transfer,True
1168,1351.75,1324.89,1358.83,33.94,0.00292,32.473,48620.9,bulk_transfer,True
178,741.95,548.35,1129.36,581.02,1.1284,31.36,4211.34,web_browsing,True
149,80.6,66.88,100.01,33.13,0.757678,13.355,899.28,interactive_ssh,True
161,152.47,142.02,193.93,51.9,1.133583,37.701,651.1,interactive_ssh,True
1288,1418.07,1416.85,1418.15,1.3,0.002494,47.413,38522.33,bulk_transfer,True
530,1420.63,1405.39,1421.2,15.81,0.001553,27.831,27054.08,bulk_transfer,True
12,87.05,63.45,101.73,38.27,0.041897,6.055,172.52,dns_like_burst,True
56,144.05,143.53,168.04,24.5,1.399402,46.729,172.63,interactive_ssh,True
1457,1272.81,1249.09,1304.66,55.57,0.039356,58.341,31786.92,video_streaming,True
100,104.05,72.96,107.43,34.47,0.011117,10.99,946.79,dns_like_burst,True
166,77.64,20,88.65,68.65,1.321772,48.852,263.82,interactive_ssh,True
56,100.24,99.18,114.98,15.8,0.055248,7.072,793.8,dns_like_burst,True
75,133.1,110.06,146.62,36.56,0.187066,7.72,1293.11,dns_like_burst,True
325,689.06,657.74,908.51,250.77,0.295018,17.757,12611.5,web_browsing,True
476,423.63,223.28,593.7,370.42,0.249205,12.311,16380.19,web_browsing,True
12,128.61,114.04,145.54,31.5,0.05529,7.775,198.51,dns_like_burst,True
2901,1149.04,1082.66,1217.23,134.56,0.023377,46.69,71393.39,video_streaming,True
149,123.16,112.3,138.03,25.73,1.195874,11.851,1548.41,interactive_ssh,True
127,467.34,252.12,516.41,264.29,1.287339,19.41,3057.78,web_browsing,True
1619,1380.44,1378.28,1381.42,3.15,0.000652,23.439,95352.6,bulk_transfer,True
938,1445.95,1434.21,1457.46,23.24,0.000627,10.942,123953.43,bulk_transfer,True
200,1357.31,1326.14,1371.92,45.78,0.00182,33.408,8125.79,bulk_transfer,True
944,1411.37,1402.11,1415.75,13.64,0.001441,41.72,31934.84,bulk_transfer,True
573,1376.27,1360.65,1376.68,16.03,0.001423,38.317,20581.05,bulk_transfer,True
237,399.74,241.81,659.95,418.14,1.372935,10.804,8768.9,web_browsing,True
94,95.15,76.06,131.07,55.01,1.255624,23.585,379.21,interactive_ssh,True
41,170.66,145.76,229.46,83.7,0.619952,47.603,146.98,interactive_ssh,True
72,166.23,160.02,167.66,7.64,1.781491,31.826,376.06,interactive_ssh,True
146,652.53,611.44,674.04,62.6,0.649107,31.158,3057.61,web_browsing,True
378,889.29,811.53,969.33,157.8,1.182027,5.903,56944.34,web_browsing,True
67,745.81,652.2,941.59,289.39,1.330135,9.595,5207.94,web_browsing,True
1857,1357.44,1355.08,1381.58,26.5,0.001013,46.991,53643.3,bulk_transfer,True
113,71.01,26.36,88.05,61.69,0.56115,41.822,191.85,interactive_ssh,True
1958,1363.32,1346.97,1372.42,25.45,0.001927,38.013,70222.96,bulk_transfer,True
1692,1413.6,1402.15,1421.41,19.26,0.000636,16.491,145037.75,bulk_transfer,True
1625,1434.54,1401.98,1438.33,36.35,0.001389,21.14,110273.19,bulk_transfer,True
189,81.76,20,97.65,77.65,1.871124,42.786,361.14,interactive_ssh,True
1178,1130.38,1079.12,1290.3,211.18,0.02566,16.482,80788.4,video_streaming,True
53,118.41,115.72,155.97,40.25,0.129339,7.886,795.81,dns_like_burst,True
479,1243.48,1231.03,1255.82,24.78,0.040124,58.64,10157.31,video_streaming,True
472,527.41,425.1,562.0,136.9,1.040708,32.713,7609.77,web_browsing,True
646,1426.82,1419.04,1435.04,16.0,0.001477,53.571,17205.69,bulk_transfer,True
46,91.37,78.7,107.51,28.81,1.836911,56.259,74.71,interactive_ssh,True
208,1427.6,1422.72,1434.3,11.58,0.002048,16.017,18539.35,bulk_transfer,True
348,397.34,178.32,445.21,266.9,1.14378,9.723,14221.31,web_browsing,True
139,714.79,682.58,732.24,49.66,1.098448,32.045,3100.51,web_browsing,True
144,533.8,491.22,608.29,117.07,0.334383,17.304,4442.12,web_browsing,True
613,1443.22,1430.48,1456.58,26.1,0.001015,32.284,27403.27,bulk_transfer,True
118,118.86,83.6,217.15,133.55,0.796013,16.333,858.75,interactive_ssh,True
246,811.88,793.71,1128.41,334.69,0.46809,5.264,37942.19,web_browsing,True
45,99.82,67.58,111.08,43.5,0.165578,14.525,309.24,dns_like_burst,True
325,796.43,714.26,864.89,150.63,0.981229,16.904,15312.85,web_browsing,True
180,65.82,20,110.61,90.61,1.573098,10.317,1148.29,interactive_ssh,True
80,866.22,756.51,883.48,126.97,0.338908,35.263,1965.14,web_browsing,True
116,142.49,82.56,148.96,66.41,1.222353,50.272,328.8,interactive_ssh,True
197,177.8,150.83,219.42,68.59,1.208211,36.531,958.82,interactive_ssh,True
2169,1283.88,1265.63,1290.59,24.96,0.022571,38.989,71424.21,video_streaming,True
147,101.62,57.9,127.5,69.6,1.696083,20.022,746.12,interactive_ssh,True
261,701.65,636.22,748.24,112.02,0.574221,7.308,25057.95,web_browsing,True
50,392.89,315.39,582.58,267.18,0.765091,24.175,812.58,web_browsing,True
248,782.18,550.1,864.78,314.68,1.300243,17.87,10854.84,web_browsing,True
69,128.54,124.56,139.63,15.07,0.077055,11.392,778.56,dns_like_burst,True
123,129.34,83.87,181.09,97.22,0.694963,12.585,1264.09,interactive_ssh,True
509,1358.3,1345.52,1376.19,30.67,0.00053,51.555,13410.5,bulk_transfer,True
1169,1164.31,1154.83,1174.7,19.86,0.029453,42.44,32070.33,video_streaming,True
116,138.33,136.37,147.27,10.9,0.599571,40.706,394.2,interactive_ssh,True
71,78.09,66.12,91.49,25.37,0.149852,4.343,1276.64,dns_like_burst,True
32,133.28,124.71,147.67,22.96,0.0942,9.324,457.42,dns_like_burst,True
68,114.32,99.21,153.02,53.81,0.178082,2.447,3177.17,dns_like_burst,True
30,108.58,94.03,120.0,25.97,0.134966,8.721,373.51,dns_like_burst,True
456,347.58,326.28,381.75,55.47,1.291958,19.875,7974.54,web_browsing,True
2574,1140.69,1109.69,1172.53,62.84,0.044861,37.581,78128.66,video_streaming,True
23,136.78,112.79,137.57,24.77,0.110797,8.985,350.13,dns_like_burst,True
478,1263.31,1229.26,1308.1,78.84,0.023094,42.137,14330.8,video_streaming,True
1543,1168.41,1143.61,1230.43,86.81,0.046834,15.484,116430.49,video_streaming,True
878,1236.27,1202.37,1332.32,129.96,0.039581,37.901,28639.02,video_streaming,True
1546,1439.28,1434.99,1459.03,24.04,0.002411,46.034,48336.74,bulk_transfer,True
147,505.01,448.86,646.61,197.75,0.495614,11.797,6292.65,web_browsing,True
96,116.66,98.56,129.58,31.03,0.15557,12.805,874.57,dns_like_burst,True
74,776.2,728.95,843.64,114.69,0.82239,35.709,1608.53,web_browsing,True
96,72.83,61.31,75.79,14.47,0.047637,5.94,1177.08,dns_like_burst,True
1440,1383.91,1378.63,1421.26,42.63,0.002042,23.109,86237.33,bulk_transfer,True
310,1135.8,1122.39,1166.99,44.6,0.039528,37.533,9381.04,video_streaming,True
1552,1361.99,1343.91,1377.23,33.33,0.000998,54.451,38820.71,bulk_transfer,True
460,1353.22,1345.2,1384.09,38.89,0.001683,39.359,15815.59,bulk_transfer,True
149,101.38,87.97,145.97,58.0,0.676892,19.615,770.07,interactive_ssh,True
43,128.94,119.05,170.6,51.55,1.285334,24.417,227.08,interactive_ssh,True
219,618.42,594.78,808.26,213.47,1.248665,14.86,9114.05,web_browsing,True
181,88.03,40.25,100.01,59.76,1.631714,47.649,334.38,interactive_ssh,True
311,1371.29,1363.11,1372.64,9.53,0.00063,13.007,32788.54,bulk_transfer,True
66,91.0,55.92,99.28,43.36,0.092773,6.901,870.33,dns_like_burst,True
1736,1255.62,1247.68,1425.9,178.22,0.029957,43.626,49965.06,video_streaming,True
98,330.95,270.47,366.84,96.38,0.124511,15.137,2142.61,web_browsing,True
28,80.97,80.41,90.46,10.05,0.02902,4.217,537.65,dns_like_burst,True
70,88.81,69.53,109.51,39.98,0.143665,7.369,843.56,dns_like_burst,True
62,96.21,75.35,111.18,35.83,0.11907,13.438,443.89,dns_like_burst,True
335,367.72,20,383.42,363.42,1.062554,14.571,8454.21,web_browsing,True
1171,1353.03,1329.81,1367.6,37.8,0.002417,12.032,131676.66,bulk_transfer,True
74,123.09,111.89,152.91,41.02,0.026709,5.751,1583.76,dns_like_burst,True
54,135.5,109.58,157.46,47.88,0.13453,13.714,533.53,dns_like_burst,True
615,1214.21,1144.2,1221.03,76.83,0.043926,24.704,30227.79,video_streaming,True
30,76.61,69.29,85.87,16.59,0.601742,12.334,186.33,interactive_ssh,True
1576,1359.95,1356.44,1376.99,20.55,0.002272,24.277,88283.91,bulk_transfer,True
57,79.54,46.15,97.98,51.83,0.058174,2.75,1648.5,dns_like_burst,True
185,110.54,101.94,173.98,72.04,1.820116,48.702,419.89,interactive_ssh,True
20,128.03,103.15,148.79,45.64,0.154643,4.279,598.38,dns_like_burst,True
2793,1109.08,1054.61,1180.05,125.44,0.020907,27.3,113466.15,video_streaming,True
115,64.42,54.6,86.01,31.41,1.904606,43.984,168.43,interactive_ssh,True
445,459.36,242.72,545.56,302.84,1.46222,31.168,6558.6,web_browsing,True
443,415.22,375.84,436.5,60.66,1.056028,31.858,5773.82,web_browsing,True
60,137.93,119.94,144.03,24.09,0.086134,12.901,641.49,dns_like_burst,True
1079,1216.67,1183.68,1234.82,51.14,0.033219,59.436,22087.46,video_streaming,True
1206,1272.43,1271.85,1299.23,27.38,0.031231,26.319,58305.15,video_streaming,True
1447,1448.02,1436.51,1458.56,22.05,0.002393,17.599,119055.3,bulk_transfer,True
54,93.47,71.64,126.97,55.33,0.103673,2.201,2293.33,dns_like_burst,True
367,667.68,619.3,847.57,228.27,1.088303,28.151,8704.61,web_browsing,True
92,65.81,60.37,153.49,93.11,1.653856,40.1,150.98,interactive_ssh,True
1730,1130.16,1095.35,1250.99,155.64,0.036856,33.224,58848.13,video_streaming,True
366,865.65,646.34,949.72,303.38,0.453705,15.519,20415.77,web_browsing,True
206,512.19,402.65,555.63,152.98,0.440726,7.445,14171.47,web_browsing,True
878,1401.74,1390.99,1438.37,47.38,0.000782,55.927,22005.86,bulk_transfer,True
1320,1382.35,1352.04,1389.02,36.98,0.001045,19.148,95295.41,bulk_transfer,True
190,481.63,475.02,566.22,91.2,0.948998,39.25,2331.48,web_browsing,True
87,110.28,89.2,150.37,61.17,1.335805,34.219,280.4,interactive_ssh,True
1724,1204.41,1162.44,1210.62,48.18,0.015684,56.73,36601.59,video_streaming,True
51,84.3,44.96,103.9,58.93,0.012032,2.617,1643.03,dns_like_burst,True
88,128.01,126.32,136.53,10.21,0.189809,7.512,1499.67,dns_like_burst,True
152,141.03,118.0,151.83,33.83,1.481735,48.909,438.29,interactive_ssh,True
254,534.18,386.57,577.54,190.97,1.033396,35.862,3783.41,web_browsing,True
191,168.2,113.91,185.27,71.37,0.945566,34.723,925.2,interactive_ssh,True
364,712.13,621.63,943.39,321.76,1.154386,13.697,18924.71,web_browsing,True
116,80.25,75.95,99.56,23.61,1.296082,41.816,222.62,interactive_ssh,True
97,123.94,109.93,152.39,42.46,0.077231,4.202,2860.81,dns_like_burst,True
2559,1122.59,1090.89,1173.51,82.62,0.011436,16.783,171172.7,video_streaming,True
168,77.13,70.03,145.99,75.96,1.019666,17.634,734.82,interactive_ssh,True
450,772.49,768.88,1058.84,289.96,0.424922,11.93,29137.1,web_browsing,True
210,1359.09,1355.67,1366.71,11.05,0.001967,29.699,9610.04,bulk_transfer,True
75,119.75,114.19,124.32,10.13,0.011672,14.428,622.51,dns_like_burst,True
174,172.46,169.33,202.53,33.2,1.855255,12.2,2459.64,interactive_ssh,True
1355,1241.24,1182.25,1263.57,81.33,0.044727,56.574,29729.16,video_streaming,True
1911,1295.19,1286.12,1382.8,96.68,0.043048,18.24,135697.96,video_streaming,True
86,117.34,114.57,118.18,3.6,0.022971,4.981,2026.07,dns_like_burst,True
438,739.61,644.06,1056.92,412.86,1.272063,30.083,10768.38,web_browsing,True
319,767.56,557.85,904.19,346.34,0.990945,11.966,20461.56,web_browsing,True
1273,1224.55,1117.8,1240.35,122.54,0.020115,40.029,38943.02,video_streaming,True
422,651.21,636.5,665.21,28.71,1.262437,32.511,8452.7,web_browsing,True
2043,1228.54,1170.7,1412.59,241.89,0.018664,40.629,61777.04,video_streaming,True
97,148.98,103.47,167.02,63.55,0.82837,50.074,288.59,interactive_ssh,True
2304,1145.4,1073.07,1164.87,91.79,0.037869,48.101,54863.21,video_streaming,True
280,1350.14,1336.42,1363.96,27.54,0.000594,45.751,8262.94,bulk_transfer,True
1987,1257.32,1153.7,1278.6,124.9,0.015923,38.013,65722.21,video_streaming,True
476,1139.29,1038.12,1170.66,132.55,0.048077,27.024,20067.15,video_streaming,True
439,528.46,518.55,634.83,116.27,0.371501,12.666,18316.85,web_browsing,True
222,776.85,501.3,818.29,316.99,0.279638,8.81,19574.89,web_browsing,True
394,817.13,579.33,832.21,252.88,0.757392,35.822,8987.55,web_browsing,True
14,84.33,66.56,103.06,36.51,0.121475,4.777,247.15,dns_like_burst,True
